"Start (UTC)","End (UTC)"
"2023-05-28T21:06:31","2023-05-28T21:36:54"
"2023-05-28T21:39:11","2023-05-28T22:09:34"
"2023-05-28T22:11:51","2023-05-28T22:42:14"
"2023-05-28T22:44:31","2023-05-28T23:14:54"
"2023-05-28T23:17:12","2023-05-28T23:47:35"
"2023-05-28T23:50:13","2023-05-29T00:20:12"
"2023-05-29T00:38:22","2023-05-29T01:08:21"
"2023-05-29T01:11:23","2023-05-29T01:41:22"
"2023-05-29T01:44:08","2023-05-29T02:14:07"
"2023-05-29T02:16:47","2023-05-29T02:46:47"
"2023-05-29T02:49:20","2023-05-29T03:19:16"
